{"cameraMode":{"drawMode":0,"name":"Shaded","section":"Shading Mode"},"sceneLighting":false,"audioPlay":false,"sceneViewState":{"showFog":true,"showMaterialUpdate":false,"showSkybox":false,"showFlares":true,"showImageEffects":true,"showParticleSystems":true},"in2DMode":false,"pivot":{"x":-1.818455696105957,"y":4.208195686340332,"z":-2.799999952316284},"rotation":{"x":0.013189779594540596,"y":0.0065967426635324959,"z":0.0000864160101627931,"w":-0.9999045729637146},"size":4.0512590408325199,"orthographic":false}