{"cameraMode":{"drawMode":0,"name":"Shaded","section":"Shading Mode"},"sceneLighting":false,"audioPlay":false,"sceneViewState":{"showFog":true,"showMaterialUpdate":false,"showSkybox":false,"showFlares":true,"showImageEffects":true,"showParticleSystems":true},"in2DMode":false,"pivot":{"x":-3.6510720252990724,"y":4.627120494842529,"z":-3.116523504257202},"rotation":{"x":-0.009289232082664967,"y":-0.06984461843967438,"z":0.0006184515077620745,"w":-0.9975377917289734},"size":2.064929723739624,"orthographic":true}